"RAW","COOK","COOKC","EM","ML"
0.350444444444444,0.332569974554707,0.332569974554707,0.332570055253612,0.5
0.649555555555556,0.667430025445293,0.667430025445293,0.667429944746388,0.5
