"","RAW","COOK","COOKC","EM","ML"
"pop_A",0.334,-2.32133333333333,0.108340266531714,6.74485706365968e-05,0.280963484521551
"pop_B",0.365666666666667,3.53066666666667,0.630249865047233,0.999932551429363,0.416769713648329
"pop_C",0.300333333333333,0.633333333333333,0.261409868421053,0,0.302266801830119
