"RAW","COOK","COOKC","EM","ML"
0.376,0.268376068376068,0.268376068376068,0.268376193719175,0.5
0.624,0.731623931623932,0.731623931623932,0.731623806280825,0.5
