"RAW","COOK","COOKC","EM","ML"
1,1.05970149253731,1,1,0.5
0,-0.0597014925373134,0,0,0.5
